part_cat,A,E,Y
A,0.528739564561216,0.09023353979587208,0.381026895642912
E,0.40575549109803616,0.404170157078784,0.1900743518231798
Y,0.20611671328346257,0.022865709586002366,0.7710175771305351
